Source,Target
Simulation,Task completion
Simulation,Accuracy
Simulation,Task completion
Simulation,Accuracy
Simulation,Accuracy
Simulation,Realism
Simulation,Task completion
Simulation,Accuracy
Simulation,Latency
Simulation,Task completion
Simulation,Latency
Simulation,Accuracy
Simulation,Task completion
Simulation,Realism
Simulation,Realism
Simulation,Accuracy
Simulation,User satisfaction
Case studies,Realism
Case studies,Accuracy
Case studies,User satisfaction
Simulation,Latency
Simulation,Task completion
Simulation,Accuracy
Simulation,Realism
Simulation,Accuracy
Simulation,Task completion
Benchmarks,Realism
Benchmarks,Accuracy
Benchmarks,Task completion
Simulation,Task completion
Simulation,Accuracy
Simulation,Task completion
Simulation,User satisfaction
Simulation,Accuracy
User studies,Task completion
User studies,User satisfaction
User studies,Accuracy
Qualitative methods,Task completion
Qualitative methods,User satisfaction
Qualitative methods,Accuracy
Simulation,Task completion
Simulation,Latency
Simulation,Accuracy
Simulation,Task completion
Simulation,Accuracy
Simulation,Latency
Simulation,User satisfaction
Simulation,Realism
User studies,Latency
User studies,User satisfaction
User studies,Realism
User studies,Accuracy
User studies,User satisfaction
User studies,Task completion
Qualitative methods,Accuracy
Qualitative methods,User satisfaction
Qualitative methods,Task completion
Simulation,Task completion
Simulation,Accuracy
Simulation,Latency
Simulation,Task completion
Simulation,Task completion
Simulation,Accuracy
Simulation,Realism
Simulation,Realism
Simulation,Accuracy
Simulation,User satisfaction
Case studies,Realism
Case studies,Accuracy
Case studies,User satisfaction
Simulation,Latency
Simulation,Task completion
Simulation,Accuracy
Simulation,Task completion
Simulation,Latency
Simulation,Accuracy
Benchmarks,Task completion
Benchmarks,Latency
Benchmarks,Accuracy
Simulation,Task completion
Simulation,Latency
Simulation,Accuracy
Benchmarks,Task completion
Benchmarks,Latency
Benchmarks,Accuracy
Simulation,Task completion
Simulation,Latency
Simulation,Accuracy
Benchmarks,Task completion
Benchmarks,Latency
Benchmarks,Accuracy
Simulation,Task completion
Simulation,Latency
Simulation,Accuracy
Benchmarks,Task completion
Benchmarks,Latency
Benchmarks,Accuracy
Simulation,Task completion
Simulation,Accuracy
Simulation,Realism
User studies,Task completion
User studies,Accuracy
User studies,Realism
Benchmarks,Task completion
Benchmarks,Accuracy
Benchmarks,Realism
Qualitative methods,Task completion
Qualitative methods,Accuracy
Simulation,Task completion
Simulation,Accuracy
Benchmarks,Task completion
Benchmarks,Accuracy
Simulation,Task completion
Simulation,Latency
Simulation,Accuracy
Benchmarks,Task completion
Benchmarks,Latency
Benchmarks,Accuracy
Qualitative methods,Task completion
Qualitative methods,Accuracy
Simulation,Task completion
Simulation,Latency
Simulation,Accuracy
Benchmarks,Task completion
Benchmarks,Latency
Benchmarks,Accuracy
Simulation,Task completion
Simulation,Latency
Simulation,Accuracy
Benchmarks,Task completion
Benchmarks,Latency
Benchmarks,Accuracy
Simulation,Task completion
Simulation,Accuracy
Simulation,Realism
Benchmarks,Task completion
Benchmarks,Accuracy
Benchmarks,Realism
Simulation,Latency
Simulation,Accuracy
Simulation,Realism
Benchmarks,Latency
Benchmarks,Accuracy
Benchmarks,Realism
Simulation,Task completion
Simulation,Latency
Simulation,Accuracy
Benchmarks,Task completion
Benchmarks,Latency
Benchmarks,Accuracy
Simulation,Task completion
Simulation,Accuracy
Benchmarks,Task completion
Benchmarks,Accuracy
Simulation,Task completion
Simulation,User satisfaction
Simulation,Accuracy
User studies,Task completion
User studies,User satisfaction
User studies,Accuracy
Qualitative methods,Task completion
Qualitative methods,User satisfaction
Qualitative methods,Accuracy
Simulation,Task completion
Simulation,Accuracy
Simulation,Realism
Simulation,Task completion
Simulation,Latency
Simulation,Accuracy
Benchmarks,Task completion
Benchmarks,Latency
Benchmarks,Accuracy
Simulation,Latency
Simulation,Accuracy
Simulation,Realism
Qualitative methods,Latency
Qualitative methods,Accuracy
Qualitative methods,Realism
Simulation,Task completion
Simulation,Latency
Simulation,Accuracy
Benchmarks,Task completion
Benchmarks,Latency
Benchmarks,Accuracy
Simulation,Task completion
Simulation,Latency
Simulation,Task completion
Simulation,Latency
Simulation,Accuracy
Simulation,Task completion
Simulation,Accuracy
Simulation,Realism
Simulation,Task completion
Simulation,Accuracy
Simulation,Task completion
Simulation,Accuracy
Simulation,Realism
Simulation,Task completion
Simulation,Latency
Simulation,Accuracy
Simulation,Task completion
Simulation,Accuracy
Simulation,Task completion
Simulation,Latency
Simulation,Accuracy
Simulation,Task completion
Simulation,Latency
Simulation,Realism
User studies,Realism
User studies,User satisfaction
Qualitative methods,Realism
Qualitative methods,User satisfaction
Simulation,Latency
Simulation,Accuracy
Simulation,Realism
Simulation,Task completion
Simulation,Accuracy
Simulation,Realism
Simulation,Task completion
Simulation,Latency
Simulation,Accuracy
Simulation,Realism
Benchmarks,Task completion
Benchmarks,Latency
Benchmarks,Accuracy
Benchmarks,Realism
Simulation,Task completion
Simulation,Latency
Simulation,Accuracy
Qualitative methods,Realism
Qualitative methods,Latency
Simulation,Task completion
Simulation,Accuracy
Simulation,Realism
Simulation,Task completion
Simulation,Accuracy
Qualitative methods,Realism
Qualitative methods,User satisfaction
Simulation,Realism
Simulation,User satisfaction
Simulation,Task completion
Simulation,Latency
Simulation,Accuracy
Benchmarks,Task completion
Benchmarks,Latency
Benchmarks,Accuracy
Simulation,Task completion
Simulation,Accuracy
User studies,Task completion
User studies,Accuracy
Simulation,Task completion
Simulation,Latency
Simulation,Task completion
Simulation,Latency
Simulation,User satisfaction
Simulation,Task completion
Simulation,Latency
Simulation,Latency
Simulation,Task completion
Simulation,Latency
Simulation,Accuracy
Simulation,Task completion
Simulation,Latency
Simulation,Accuracy
Simulation,Realism
Benchmarks,Task completion
Benchmarks,Latency
Benchmarks,Accuracy
Benchmarks,Realism
Simulation,Task completion
Simulation,Latency
Simulation,Realism
User studies,Task completion
User studies,User satisfaction
User studies,Accuracy
Qualitative methods,Task completion
Qualitative methods,User satisfaction
Qualitative methods,Accuracy
Simulation,Task completion
Simulation,Accuracy
Simulation,Latency
Simulation,Realism
Benchmarks,Latency
Benchmarks,Realism
User studies,Task completion
User studies,Accuracy
User studies,User satisfaction
Qualitative methods,Task completion
Qualitative methods,Accuracy
Qualitative methods,User satisfaction
Simulation,Task completion
Simulation,Latency
Simulation,Accuracy
Simulation,Task completion
Simulation,Accuracy
Simulation,User satisfaction
User studies,Task completion
User studies,Accuracy
User studies,User satisfaction
Qualitative methods,Task completion
Qualitative methods,Accuracy
Qualitative methods,User satisfaction
Simulation,Task completion
Simulation,User satisfaction
Simulation,Latency
Simulation,Accuracy
Benchmarks,Task completion
Benchmarks,User satisfaction
Benchmarks,Latency
Benchmarks,Accuracy
Simulation,Task completion
Simulation,Accuracy
Simulation,Accuracy
Simulation,Realism
Benchmarks,Accuracy
Benchmarks,Realism
Simulation,Task completion
Simulation,Realism
Simulation,Accuracy
Simulation,Task completion
Simulation,User satisfaction
Simulation,Latency
Simulation,Accuracy
Simulation,Task completion
Simulation,Realism
Simulation,Accuracy
Qualitative methods,User satisfaction
Qualitative methods,Realism
Simulation,Latency
Simulation,Accuracy
Simulation,Task completion
Simulation,Accuracy
Simulation,Realism
Simulation,Task completion
Simulation,Latency
Simulation,Accuracy
Simulation,Task completion
Simulation,Accuracy
Simulation,Realism
Simulation,Task completion
Simulation,Realism
Simulation,Task completion
Simulation,Latency
Simulation,Accuracy
Simulation,Task completion
Simulation,Latency
Simulation,Efficiency
Simulation,Task completion
Simulation,Latency
Simulation,Task completion
Simulation,User satisfaction
Simulation,Task completion
Simulation,Accuracy
Simulation,Realism
Simulation,Task completion
Simulation,Latency
Simulation,Accuracy
Simulation,Realism
Simulation,User satisfaction
User studies,Accuracy
User studies,Realism
User studies,User satisfaction
Qualitative methods,Accuracy
Qualitative methods,Realism
Qualitative methods,User satisfaction
Simulation,Latency
Simulation,Efficiency
Simulation,Realism
Simulation,Latency
Benchmarks,Realism
Benchmarks,Latency
Simulation,Task completion
Simulation,Latency
Simulation,Accuracy
Benchmarks,Task completion
Benchmarks,Latency
Benchmarks,Accuracy
Case studies,Task completion
Case studies,Latency
Case studies,Accuracy
Simulation,Task completion
Simulation,Latency
Simulation,Accuracy
Simulation,Task completion
Simulation,Latency
Simulation,Accuracy
Simulation,Task completion
Simulation,Latency
Simulation,Accuracy
Benchmarks,Task completion
Benchmarks,Latency
Benchmarks,Accuracy
Simulation,Realism
Simulation,Latency
Simulation,Efficiency
Simulation,Realism
Simulation,Efficiency
Simulation,Latency
Simulation,Accuracy
Simulation,Realism
Simulation,Latency
Simulation,Accuracy
Simulation,Efficiency
Simulation,Realism
Simulation,Task completion
Simulation,Latency
Simulation,Realism
Simulation,Latency
Simulation,Realism
Simulation,Efficiency
Simulation,Realism
Simulation,Efficiency
Simulation,Latency
Simulation,User satisfaction
Simulation,Task completion
Simulation,Latency
Simulation,Realism
User studies,Task completion
User studies,Latency
User studies,Realism
Simulation,Scalability
Simulation,Latency
Simulation,Accuracy
Benchmarks,Scalability
Benchmarks,Latency
Benchmarks,Accuracy
Simulation,Latency
Simulation,Accuracy
Benchmarks,Latency
Benchmarks,Accuracy
Simulation,Latency
Simulation,Accuracy
Benchmarks,Latency
Benchmarks,Accuracy
Simulation,Latency
Simulation,Accuracy
Simulation,Task completion
Simulation,Latency
Simulation,Task completion
Simulation,Latency
Simulation,Task completion
Simulation,Latency
Simulation,Scalability
Simulation,Latency
Simulation,Accuracy
Simulation,Task completion
Simulation,Latency
Simulation,Accuracy
User studies,Scalability
User studies,Accuracy
Simulation,Task completion
Simulation,Latency
User studies,Task completion
User studies,Accuracy
Quantitative Research,Task completion
Quantitative Research,Accuracy
Simulation,Realism
Simulation,User satisfaction
Simulation,Efficiency
Simulation,Accuracy
Simulation,Task completion
Simulation,Efficiency
Qualitative methods,Accuracy
Qualitative methods,Task completion
Qualitative methods,Efficiency
Simulation,Accuracy
Simulation,Efficiency
Simulation,Task completion
Simulation,Realism
Simulation,Task completion
Simulation,Accuracy
Simulation,Efficiency
Quantitative Research,Task completion
Quantitative Research,Accuracy
Quantitative Research,Efficiency
Simulation,Task completion
Simulation,Accuracy
Simulation,User satisfaction
User studies,Task completion
User studies,Accuracy
User studies,User satisfaction
Simulation,Task completion
Simulation,Latency
Simulation,Accuracy
Simulation,Realism
Simulation,User satisfaction
Qualitative methods,Task completion
Qualitative methods,Latency
Qualitative methods,Accuracy
Qualitative methods,Realism
Qualitative methods,User satisfaction
Simulation,Task completion
Simulation,Accuracy
Quantitative Research,Task completion
Quantitative Research,Accuracy
Simulation,Task completion
Simulation,Latency
Simulation,Accuracy
Simulation,Realism
Simulation,User satisfaction
Quantitative Research,Task completion
Quantitative Research,Latency
Quantitative Research,Accuracy
Quantitative Research,Realism
Quantitative Research,User satisfaction
Simulation,Task completion
Simulation,Latency
Simulation,Accuracy
Quantitative Research,Task completion
Quantitative Research,Latency
Quantitative Research,Accuracy
Simulation,Task completion
Simulation,Latency
Simulation,Accuracy
Simulation,User satisfaction
Simulation,Task completion
Simulation,Realism
Simulation,Task completion
Simulation,Latency
Simulation,Accuracy
User studies,Task completion
User studies,Latency
User studies,Accuracy
Qualitative methods,Task completion
Qualitative methods,Latency
Qualitative methods,Accuracy
Simulation,Task completion
Simulation,Realism
Simulation,Efficiency
Quantitative Research,Task completion
Quantitative Research,Realism
Quantitative Research,Efficiency
Simulation,Task completion
Simulation,Latency
Simulation,Accuracy
Simulation,User satisfaction
Simulation,Realism
Qualitative methods,Task completion
Qualitative methods,Latency
Qualitative methods,Accuracy
Qualitative methods,User satisfaction
Qualitative methods,Realism
Case studies,Task completion
Case studies,Latency
Case studies,Accuracy
Case studies,User satisfaction
Case studies,Realism
Simulation,Task completion
Simulation,Latency
Simulation,Accuracy
Simulation,User satisfaction
Qualitative methods,Task completion
Qualitative methods,Latency
Qualitative methods,Accuracy
Qualitative methods,User satisfaction
Simulation,Task completion
Simulation,Efficiency
Simulation,Accuracy
Qualitative methods,Task completion
Qualitative methods,Efficiency
Qualitative methods,Accuracy
Simulation,Task completion
Simulation,Accuracy
Simulation,User satisfaction
Quantitative Research,Task completion
Quantitative Research,Accuracy
Quantitative Research,User satisfaction
