ID,Title,Year,Venue,Platform_Type,Application_Domain,Agent_Role,Evaluation_Method,Challenges
1,A Bayesian Framework-Based Digital Twin Wireless System Control,2023,IEEE Journal On Selected Areas In Communications,Simulation,Artificial Intelligence,Network Infrastructure,Quantitative Metrics,Multi-Agent Collaboration
2,A Cloud-Edge Service Offloading Method for Smart Manufacturing Metaverse,2023,Software: Practice and Experience,Metaverse,Edge-Cloud Collaboration,Decision and Management,Quantitative Analysis,Computing and Resource Management
3,A Conceptual Framework for Digital Twins of Multi-Agent Systems,2025,Procedia Computer Science,Digital Twin,Multi-Agent System and Reinforcement Learning,Multi-Agent System,Quantitative Analysis,Data and Models
4,A Distributed Asset Trading Mechanism Based on Automated Negotiation,2023,"IEEE International Conference on Metaverse Computing, Networking, and Applications",Blockchain,Multi-Agent System and Reinforcement Learning,Multi-Agent System,Quantitative Analysis,Blockchain and Security
5,A Graph-Assisted Digital-Twin-Driven Multiagent Shared Offloading for Internet of Vehicles,2025,IEEE IoT Journal,Digital Twin,Communication Network and IoT,Terminals and Devices,Quantitative Analysis,Communication and Network
6,A Metaverse-Based Teaching Building Evacuation Training System With Deep Reinforcement Learning,2023,"IEEE Transactions on Systems, Man, and Cybernetics: Systems",Digital Twin,Communication Network and IoT,Terminals and Devices,Quantitative Analysis,Computing and Resource Management
7,"A Metaverse: Taxonomy, Components, Applications, and Open Challenges",2022,IEEE Access,Metaverse,Digital Twin and Metaverse,Virtual and Digital,Mixed Methods,Metaverse
8,A Novel Multi-Objective Routing Scheme based on Cooperative Multi-Agent Reinforcement Learning for Metaverse Services in Fixed 6G,2023,Wireless And Optical Communications Conference,Simulation,Artificial Intelligence,Network Infrastructure,Comparative Analysis,Network
9,A Review of Platforms for Simulating Embodied Agents in 3D Virtual Environments,2023,Artificial Intelligence Review,Simulation Platform,Digital Twin and Metaverse,Multi-Agent System,Quantitative Analysis,Metaverse
10,A Robot Augmented Environment Based on ROS multi-Agent Structure,2019,"International Conference On Control, Robotics And Cybernetics",Industrial,Simulation,Network Infrastructure,Case Studies,Metaverse
11,"A Virtual Laboratory for Multiagent Systems: Joining Efficacy, Learning Analytics and Student Satisfaction",2016,International Symposium On Computers In Education,Simulation,Artificial Intelligence,Network Infrastructure,Quantitative Metrics,Metaverse
12,A-MADDPG Based Partial Offloading in Digital Twin Edge Network (DITEN) Empowered IIoT,2024,IEEE International Symposium on Parallel and Distributed Processing and Applications,Digital Twin,Communication Network and IoT,Terminals and Devices,Quantitative Analysis,Computing and Resource Management
13,Adaptive Digital Twin and Multiagent Deep Reinforcement Learning for Vehicular Edge Computing and Networks,2022,IEEE Transactions on Industrial Informatics,Digital Twin,Edge-Cloud Collaboration,Terminals and Devices,Quantitative Analysis,Communication and Network
14,Adaptive Social Metaverse Streaming Based on Federated Multiagent Deep Reinforcement Learning,2025,IEEE Transactions On Computational Social Systems,Social,Artificial Intelligence,Network Infrastructure,Quantitative Metrics,Network
15,Adaptive solutions for metaverse urban mobility through decision-making and blockchain,2024,Alexandria Engineering Journal,Simulation,Artificial Intelligence,Digital Twin,Theoretical Analysis,Network
16,"AI-Assisted Edge Caching for Metaverse of Connected and Automated Vehicles: Proposal, Challenges, and Future Perspectives",2023,IEEE Vehicular Technology Magazine,Edge-Cloud,Digital Twin and Metaverse,Terminals and Devices,Quantitative Analysis,Data and Models
17,AI-Enabled Network-Functions Virtualization and Software-Defined Architectures for Customized Statistical QoS Over 6G Massive MIMO Mobile Wireless Networks,2023,IEEE Network,Communication Network,Communication Network and IoT,Decision and Management,Quantitative Analysis,Computing and Resource Management
18,Application of Traffic Light Control in Oversaturated Urban Network Using Multi-Agent Deep Reinforcement Learning,2024,IEEE Access,Simulation Platform,Multi-Agent System and Reinforcement Learning,Virtual and Digital,Quantitative Analysis,Multi-Agent Collaboration
19,"Artificial Intelligence-Enabled Metaverse for Sustainable Smart Cities: Technologies, Applications, Challenges, and Future Directions",2024,Electronics,Metaverse,Artificial Intelligence and Machine Learning,Virtual and Digital,Mixed Methods,Data and Models
20,Asynchronous Hybrid Reinforcement Learning for Latency and Reliability Optimization in the Metaverse Over Wireless Communications,2023,IEEE Journal On Selected Areas In Communications,Social,Artificial Intelligence,Learning,Comparative Analysis,Resource Management
21,Blockchain-Based Pseudonym Management for Vehicle Twin Migrations in Vehicular Edge Metaverse,2024,IEEE Internet Of Things Journal,Infrastructure,Blockchain,Transportation,Quantitative Metrics,Resource Management
22,Blockchain-Empowered Multi-Domain Resource Trading in TN-NTN 6G Networks- A Hierarchical Multi-Agent DRL Approach,2024,IEEE Internet Of Things Journal,Simulation,Industrial Systems,Transportation,Quantitative Metrics,Resource Management
23,Blockchain-Empowered Resource Allocation in HAPS-assisted IoV Digital Twin Networks: A Federated DRL Approach,2024,IEEE Transactions On Intelligent Vehicles,Simulation,Simulation,Transportation,Comparative Analysis,Network
24,Blockchain-enabled dispersed computing paradigm in Web 3.0 metaverse,2025,Computer Networks,Blockchain,Blockchain,Network Infrastructure,Theoretical Analysis,Network
25,Chasing in virtual environment: Dynamic alignment for multi-user collaborative redirected walking,2025,Virtual Reality & Intelligent Hardware,Social,Simulation,IoT Industrial,Case Studies,Multi-Agent Collaboration
26,"Cognitive digital twin-based Internet of Robotic Things, multi-sensory extended reality and simulation modeling technologies, and generative artificial intelligence and cyber–physical manufacturing systems in the immersive industrial metaverse",2024,Equilibrium. Quarterly Journal Of Economics And Economic Policy,Industrial,Simulation,Digital Twin,Case Studies,Resource Management
27,CollaborativeBEV: Collaborative bird eye view for reconstructing crowded environment,2024,Image And Vision Computing,Simulation,Simulation,Digital Twin,Quantitative Metrics,Models
28,Constructing the Metaverse With a New Perspective: UAV FoV-Assisted Low-Latency Imaging,2025,IEEE Wireless Communications Letters,Metaverse,Digital Twin and Metaverse,Terminals and Devices,Quantitative Analysis,Metaverse
29,Control and Decision Theory in Metaverse: A Survey,2022,2022 China Automation Congress (CAC),Metaverse,Digital Twin and Metaverse,Virtual and Digital,Qualitative Analysis,Computing and Resource Management
30,Cooperative End-Edge-Cloud Computing and Resource Allocation for Digital Twin Enabled 6G Industrial IoT,2024,IEEE Journal of Selected Topics in Signal Processing,Edge-Cloud,Communication Network and IoT,Terminals and Devices,Quantitative Analysis,Metaverse
31,Cooperative Multiagent Deep Reinforcement Learning for Computation Offloading in Digital Twin Cyber–Physical–Social System,2025,IEEE Transactions On Computational Social Systems,Social,Industrial Systems,Network Infrastructure,Comparative Analysis,Network
32,Cooperative Reinforcement Learning for Military Drones over Large-Scale Battlefields,2024,IEEE Transactions on Intelligent Vehicles,Simulation Platform,Multi-Agent System and Reinforcement Learning,Terminals and Devices,Quantitative Analysis,Multi-Agent Collaboration
33,Csound vs. ChucK: Sound Generation for XR Multi-Agent Audio Systems in the Meta Quest 3 Using the Unity Game Engine,2024,Proceedings of the Sound and Music Computing Conference,VR/AR,Digital Twin and Metaverse,Virtual and Digital,Quantitative Analysis,Metaverse
34,Deep Reinforcement Learning based Multi-attribute Auction Model for Resource Allocation in Vehicular AIGC Services,2024,2024 International Conference on Generative AI and Information Security (GAIIS 2024),Metaverse,AI and Machine Learning,Terminals and Devices,Quantitative Analysis,Computing and Resource Management
35,Deep Reinforcement Learning-based Stackelberg Game for Energy Trading in Power Grid Metaverses,2024,IEEE Smart World Congress,Simulation,Artificial Intelligence,Network Infrastructure,Quantitative Metrics,Resource Management
36,Developing enhanced conversational agents for social virtual worlds,2019,Neurocomputing,Metaverse,Multi-Agent System and Reinforcement Learning,Virtual and Digital,Quantitative Analysis,Metaverse
37,Development of crop-simulation multiagent system for smart digital twin of plant,2023,Technical Report - Russian Science Foundation,Infrastructure,Artificial Intelligence,Digital Twin,Case Studies,Models
38,Digital Twin and Artificial Intelligence-Empowered Panoramic Video Streaming: Reducing Transmission Latency in the Extended Reality-Assisted Vehicular Metaverse,2023,IEEE Vehicular Technology Magazine,Metaverse,Digital Twin and Metaverse,Virtual and Digital,Quantitative Analysis,Communication and Network
39,"Digital Twin in the IoT Context: A Survey on Technical Features, Scenarios, and Architectural Models",2020,IEEE Access,Infrastructure,Simulation,Digital Twin,Theoretical Analysis,Metaverse
40,Digital Twin-Assisted Space-Air-Ground Integrated Networks for Vehicular Edge Computing,2024,IEEE Journal of Selected Topics in Signal Processing,Communication Network,Digital Twin and Metaverse,Terminals and Devices,Quantitative Analysis,Communication and Network
41,Digital Twins-based Multi-agent Deep Reinforcement Learning for UAV-assisted Vehicle Edge Computing,2022,IEEE Access,Simulation,Simulation,Network Infrastructure,Quantitative Metrics,Network
42,Digital twins-enabled game theoretical models and techniques for metaverse Connected and Autonomous Vehicles: A survey,2025,Journal of Network and Computer Applications,Metaverse,Digital Twin and Metaverse,Terminals and Devices,Qualitative Analysis,Blockchain and Security
43,Disaster Assistance Intelligent Agent,2023,International Conference On Computing Communication And Networking Technologies,Simulation,Artificial Intelligence,Digital Twin,Quantitative Metrics,Models
44,Distributed deep reinforcement learning-based coordination performance optimization method for proton exchange membrane fuel cell system,2022,Sustainable Energy Technologies And Assessments,Simulation,Artificial Intelligence,IoT Industrial,Comparative Analysis,Metaverse
45,Distributed Pursuit-Evasion Game of Limited Perception USV Swarm Based on Multiagent Proximal Policy Optimization,2024,"IEEE Transactions on Systems, Man, and Cybernetics: Systems",Simulation Platform,Multi-Agent System and Reinforcement Learning,Communication and Computing,Quantitative Analysis,Computing and Resource Management
46,Distributed Resource Optimization With Blockchain Security for Immersive Digital Twin in IIoT,2023,IEEE Transactions On Industrial Informatics,Infrastructure,Blockchain,Network Infrastructure,Simulation-Based,Network
47,Dynamic Resource Scheduling for Air-Ground Collaborative Communication: A Hierarchical Multi-Agent Method for Metaverse,2023,International Wireless Communications & Mobile Computing Conference,Infrastructure,Artificial Intelligence,Network Infrastructure,Simulation-Based,Multi-Agent Collaboration
48,Edge Computing for Metaverse: Incentive Mechanism versus Semantic Communication,2024,IEEE Transactions on Mobile Computing,Metaverse,Edge-Cloud Collaboration,Virtual and Digital,Quantitative Analysis,Blockchain and Security
49,Efficient Twin Migration in Vehicular Metaverses: Multi-Agent Split Deep Reinforcement Learning with Spatio-Temporal Trajectory Generation,2023,IEEE Conference,Infrastructure,Artificial Intelligence,Network Infrastructure,Comparative Analysis,Network
50,Empowering Virtual Humans' Emotional Expression in the Metaverse,2023,17th International Conference on Universal Access in Human-Computer Interaction (UAHCI 2023),VR/AR,Digital Twin and Metaverse,Terminals and Devices,Case Analysis,Multi-Agent Collaboration
51,Enabling the Wireless Metaverse via Semantic Multiverse Communication,2023,"IEEE International Conference on Sensing, Communication, and Networking",Infrastructure,Artificial Intelligence,Social Interaction,Simulation-Based,Network
52,Energy-Efficient Ground-Air-Space Vehicular Crowdsensing by Hierarchical Multi-Agent Deep Reinforcement Learning With Diffusion Models,2024,IEEE Journal on Selected Areas in Communications,Simulation Platform,Communication Network and IoT,Terminals and Devices,Quantitative Analysis,Data and Models
53,Enhancing Computational Processing Performance for Generative AI Large Models with Autonomous Decision-Making in Metaverse Applications,2024,IEEE International Conference on Metaverse Computing,Simulation,Artificial Intelligence,Transportation,Case Studies,Resource Management
54,Environmental Cognition-Driven Hierarchical Decision-Making for Air-Ground Collaborative Communication,2024,IEEE International Conference on Communications in China,Infrastructure,Industrial Systems,Network Infrastructure,Simulation-Based,Network
55,Exploring the Confluence of IoT and Metaverse: Future Opportunities and Challenges,2023,IEEE Internet Of Things Journal,Simulation,Industrial Systems,Network Infrastructure,Quantitative Metrics,Models
56,"Exploring the convergence of Metaverse, Blockchain, Artificial Intelligence, and digital twin for pioneering the digitization in the envision smart grid 3.0",2024,Computers and Electrical Engineering,Simulation Platform,Digital Twin and Metaverse,Terminals and Devices,Quantitative Analysis,Blockchain and Security
57,Federated Learning for improved prediction of failures in Autonomous Guided Vehicles,2023,Journal Of Computational Science,Industrial,Artificial Intelligence,Transportation,Quantitative Metrics,Network
58,Foundations for Grassroots Democratic Metaverse,2022,AAMAS,Simulation,Blockchain,Digital Twin,Theoretical Analysis,Network
59,GenAI-Enhanced Federated Multiagent DRL for Digital-Twin-Assisted IoV Networks,2025,IEEE Internet of Things Journal,Simulation Platform,Communication Network and IoT,Terminals and Devices,Quantitative Analysis,Data and Models
60,Hierarchical Deep Reinforcement Learning With Experience Sharing for Metaverse in Education,2023,"IEEE Transactions On Systems, Man, And Cybernetics: Systems",Simulation,Artificial Intelligence,Social Interaction,Case Studies,Metaverse
61,Human-Aware Dynamic Hierarchical Network Control for Distributed Metaverse Services,2024,IEEE Journal On Selected Areas In Communications,Infrastructure,Industrial Systems,Network Infrastructure,Quantitative Metrics,Network
62,Human-Centric Resource Allocation for the Metaverse With Multiaccess Edge Computing,2023,IEEE Internet Of Things Journal,Infrastructure,Artificial Intelligence,Social Interaction,Case Studies,Network
63,Hybrid Strategy-Based AoI-Awared Collaborative Edge Computing Algorithm in Federated Mode,2023,IEEE Global Communications Conference ,Simulation,Artificial Intelligence,Network Infrastructure,Quantitative Metrics,Models
64,Improving End-To-End Latency Fairness Using a Reinforcement-Learning-Based Network Scheduler,2023,Applied Sciences,Infrastructure,Artificial Intelligence,Learning,Comparative Analysis,Network
65,Integration of Decentralized Graph-Based Multi-Agent Reinforcement Learning with Digital Twin for Traffic Signal Optimization,2024,Symmetry,Simulation Platform,Transportation and Intelligent Systems,Decision and Management,Quantitative Analysis,Data and Models
66,"Integration of Sensing, Communication, and Computing for Metaverse: A Survey",2024,ACM Computing Surveys,Simulation Platform,Digital Twin and Metaverse,Terminals and Devices,Case Analysis,Communication and Network
67,Intelligent and efficient Metaverse rendering and caching in UAV-aided vehicular edge computing,2025,Vehicular Communications,Simulation Platform,Digital Twin and Metaverse,Terminals and Devices,Quantitative Analysis,Metaverse
68,Intelligent Cockpit for Intelligent Vehicle in Metaverse: A Case Study of Empathetic Auditory Regulation of Human Emotion,2023,"IEEE Transactions on Systems, Man, and Cybernetics: Systems",Simulation Platform,Digital Twin and Metaverse,Terminals and Devices,Quantitative Analysis,Computing and Resource Management
69,Intrusion Detection Algorithm in Smart Environments Featuring Activity Footprints Approach,2020,2020 IEEE 3rd International Conference on Artificial Intelligence and Knowledge Engineering (AIKE),Simulation Platform,Communication Network and IoT,Terminals and Devices,Quantitative Analysis,Computing and Resource Management
70,Joint Quantum Reinforcement Learning and Stabilized Control for Spatio-Temporal Coordination in Metaverse,2024,IEEE Transactions On Mobile Computing,Simulation,Artificial Intelligence,Digital Twin,Comparative Analysis,Resource Management
71,Just Undo It: Exploring Undo Mechanics in Multi-User Virtual Reality,2024,Proceedings of the ACM Conference on Human Factors in Computing Systems (CHI),VR/AR,Digital Twin and Metaverse,Virtual and Digital,Mixed Methods,Metaverse
72,Learning-based Incentive Mechanism for Task Freshness-aware Vehicular Twin Migration,2023,2023 IEEE 43rd International Conference on Distributed Computing Systems Workshops (ICDCSW),Simulation Platform,Digital Twin and Metaverse,Decision and Management,Quantitative Analysis,Communication and Network
73,Machine Teaching in Swarm Metaverse under Different Levels of Autonomy,2025,Philosophical Transactions of the Royal Society A,Simulation Platform,Multi-Agent System and Reinforcement Learning,Decision and Management,Mixed Methods,Multi-Agent Collaboration
74,MADRL-Based Joint Edge Caching and Bitrate Selection for Multicategory 360° Video Streaming,2023,IEEE Internet Of Things Journal,Simulation,Artificial Intelligence,Digital Twin,Quantitative Metrics,Metaverse
75,MARL Sim2real Transfer: Merging Physical Reality With Digital Virtuality in Metaverse,2023,"IEEE Transactions On Systems, Man, And Cybernetics: Systems",Simulation,Simulation,Digital Twin,Quantitative Metrics,Metaverse
76,MAS-Bench: a benchmarking for parameter calibration of multi-agent crowd simulation,2024,Journal of Computational Social Science,Simulation Platform,Digital Twin and Metaverse,Environment and Physical,Quantitative Analysis,Data and Models
77,Meta-Services in Industry 5.0: A New Paradigm of Intelligent Services in Metaverses,2024,"IEEE Transactions on Systems, Man, and Cybernetics: Systems",Simulation Platform,Digital Twin and Metaverse,Virtual and Digital,Case Analysis,Metaverse
78,Metaversal intelligence: Unifying human-AI interactions in human-in-the-loop AIB-Metaverse,2025,Computer Networks,Simulation,Artificial Intelligence,Digital Twin,Comparative Analysis,Resource Management
79,Metaverse Community Group Loyalty Contagion and Regulation Model Based on User Stickiness,2023,IEEE Conference on Virtual Reality and 3D User Interfaces Abstracts and Workshops,Social,Social Computing,Social Interaction,Case Studies,Metaverse
80,Metaverse: A Solution to the Multi-Agent Value Alignment Problem,2022,Journal Of Artificial Intelligence And Consciousness,Simulation,Artificial Intelligence,Digital Twin,Theoretical Analysis,Multi-Agent Collaboration
81,Mobile Edge Adversarial Detection for Digital Twinning to the Metaverse: A Deep Reinforcement Learning Approach,2023,IEEE Transactions On Wireless Communications,Infrastructure,Artificial Intelligence,Learning,Comparative Analysis,Network
82,Multi-Agent Deep Reinforcement Learning for Digital Twin over 6G Wireless Communication in the Metaverse,2023,IEEE INFOCOM Workshops,Infrastructure,Artificial Intelligence,Learning,Comparative Analysis,Network
83,Multi-Agent DRL for Queue-Aware Task Offloading in Hierarchical MEC-Enabled Air-Ground Networks,2025,IEEE Transactions On Cognitive Communications And Networking,Infrastructure,Industrial Systems,Learning,Comparative Analysis,Network
84,Multi-agent Quantum Reinforcement Learning for Digital Twin Placement in 6G Multi-tier Systems,2024,"EAI International Conference, Iniscom",Simulation,Industrial Systems,Network Infrastructure,Quantitative Metrics,Resource Management
85,Multi-Agent Reinforcement Learning for Cooperative Air Transportation Services in City-Wide Autonomous Urban Air Mobility,2023,IEEE Transactions on Intelligent Vehicles,Simulation Platform,Transportation and Intelligent Systems,Terminals and Devices,Quantitative Analysis,Multi-Agent Collaboration
86,Multi-Agent Reinforcement Learning for Distributed Resource Allocation in Cell-Free Massive MIMO-Enabled Mobile Edge Computing Network,2023,IEEE Transactions On Vehicular Technology,Simulation,Industrial Systems,Network Infrastructure,Quantitative Metrics,Network
87,Multi-Attribute Auction-Based Resource Allocation for Twins Migration in Vehicular Metaverses: A GPT-Based DRL Approach,2025,IEEE Transactions on Cognitive Communications and Networking,Simulation Platform,Digital Twin and Metaverse,Terminals and Devices,Quantitative Analysis,Metaverse
88,Multi-Cluster Cooperative Offloading for VR Task: A MARL Approach With Graph Embedding,2024,IEEE Transactions on Mobile Computing,Simulation Platform,Digital Twin and Metaverse,Decision and Management,Quantitative Analysis,Computing and Resource Management
89,Multi-User Interaction Experience Optimization in the Metaverse,2024,IEEE INFOCOM Workshops,Simulation Platform,Multi-Agent System and Reinforcement Learning,Decision and Management,Quantitative Analysis,Communication and Network
90,Multiagent Deep Reinforcement Learning for Dynamic Avatar Migration in AIoT-Enabled Vehicular Metaverses With Trajectory Prediction,2024,IEEE Internet Of Things Journal,Infrastructure,Artificial Intelligence,Network Infrastructure,Quantitative Metrics,Network
91,Multiple-Agent Deep Reinforcement Learning for Avatar Migration in Vehicular Metaverses,2023,ACM Web Conference,Infrastructure,Artificial Intelligence,Network Infrastructure,Quantitative Metrics,Resource Management
92,Navigating the metaverse: unraveling the impact of artificial intelligence—a comprehensive review and gap analysis,2024,Artificial Intelligence Review,Metaverse,Digital Twin and Metaverse,Virtual and Digital,Quantitative Analysis,Metaverse
93,On a Cooperative Deep Reinforcement Learning-Based Multi-Objective Routing Strategy for Diversified 6G Metaverse Services,2024,IEEE Transactions On Vehicular Technology,Infrastructure,Artificial Intelligence,Network Infrastructure,Comparative Analysis,Network
94,On a Hierarchical Content Caching and Asynchronous Updating Scheme for Non-Terrestrial Network-Assisted Connected Automated Vehicles,2024,IEEE Journal On Selected Areas In Communications,Infrastructure,Artificial Intelligence,Network Infrastructure,Quantitative Metrics,Network
95,Parallel Transportation in TransVerse: From Foundation Models to DeCAST,2023,IEEE Transactions on Intelligent Transportation Systems,Simulation Platform,Traffic and Intelligent Systems,Decision and Management,Quantitative Analysis,Data and Models
96,Privacy-Preserving Platooning Control of Vehicular Cyber–Physical Systems With Saturated Inputs,2023,"IEEE Transactions on Systems, Man, and Cybernetics: Systems",Simulation Platform,Traffic and Intelligent Systems,Terminals and Devices,Quantitative Analysis,Blockchain and Security
97,Proposta de Agente autônomo utilizando as técnicas de mineração de processos em uma Arquitetura Virtual baseada em Sistemas Multiagentes,2021,14th IEEE International Conference on Industry Applications,Simulation Platform,Multi-Agent System and Reinforcement Learning,Decision and Management,Case Analysis,Computing and Resource Management
98,"Prospects for multi-agent collaboration and gaming: challenge, technology, and application",2022,Frontiers of Information Technology & Electronic Engineering,Simulation Platform,Multi-Agent System and Reinforcement Learning,Terminals and Devices,Quantitative Analysis,Metaverse
99,QoE-Oriented Cooperative VR Rendering and Dynamic Resource Leasing in Metaverse,2025,IEEE Transactions On Mobile Computing,Infrastructure,Artificial Intelligence,IoT Industrial,Comparative Analysis,Metaverse
100,QoI-Aware Mobile Crowdsensing for Metaverse by Multi-Agent Deep Reinforcement Learning,2023,IEEE Journal On Selected Areas In Communications,Infrastructure,Artificial Intelligence,Network Infrastructure,Quantitative Metrics,Models
101,Quantum Reinforcement Learning for Spatio-Temporal Prioritization in Metaverse,2024,IEEE Access,Metaverse,AI and Machine Learning,Decision and Management,Quantitative Analysis,Computing and Resource Management
102,Quantum-enhanced Federated Learning for Metaverse-empowered Vehicular Networks,2024,IEEE Transactions On Communications,Simulation,Simulation,Network Infrastructure,Quantitative Metrics,Models
103,Reputation-Based Trust Assessment of Transacting Service Components,2023,IEEE Conference On Computer Software And Applications,Simulation,Artificial Intelligence,Digital Twin,Case Studies,Metaverse
104,Research on Intelligent Applications of Metaverse Battlefield for Human-Computer Interaction,2024,Internal Technical Report,Simulation,Simulation,Social Interaction,Comparative Analysis,Network
105,Resource Allocation and QoE Maximization in Aerial MEC-empowered Metaverse Service: A CCM-Multi-agent DRL approach,2024,IEEE Global Communications Conference,Infrastructure,Industrial Systems,Learning,Comparative Analysis,Resource Management
106,Resource Allocation for Metaverse Experience Optimization: A Multi-Objective Multi-Agent Evolutionary Reinforcement Learning Approach,2025,IEEE Transactions On Mobile Computing,Infrastructure,Industrial Systems,Transportation,Comparative Analysis,Resource Management
107,Robotics in Metaverse,2025,Human-Centered Metaverse,VR/AR,Digital Twin and Metaverse,Terminals and Devices,Case Analysis,Metaverse
108,Scalable Consensus Over Finite Capacities in Multiagent IoT Ecosystems,2023,IEEE Internet Of Things Journal,Infrastructure,Industrial Systems,Transportation,Theoretical Analysis,Multi-Agent Collaboration
109,Securing Distributed Computing in the Metaverse: A Balanced TGDH Encryption Scheme,2023,IEEE International Conference on Metaverse Computing,Blockchain,Blockchain,Transportation,Theoretical Analysis,Network
110,Securing the Metaverse: The Intersection of ML-Based Oracles and Blockchain Technology,2024,International Conference On Intelligent Metaverse Technologies & Applications,Blockchain,Artificial Intelligence,Transportation,Quantitative Metrics,Models
111,Semantic Information Marketing in the Metaverse: A Learning-Based Contract Theory Framework,2024,IEEE Journal On Selected Areas In Communications,Infrastructure,Artificial Intelligence,Transportation,Comparative Analysis,Network
112,Semantic-Aware Blockchain Architecture Design for Edge-enabled Metaverse,2023,"2023 IEEE 14th Annual Ubiquitous Computing, Electronics & Mobile Communication Conference (UEMCON)",Simulation Platform,Digital Twin and Metaverse,Terminals and Devices,Quantitative Analysis,Computing and Resource Management
113,Sharing Traffic Priorities via Cyber–Physical–Social Intelligence: A Lane-Free Autonomous Intersection Management Method in Metaverse,2023,"IEEE Transactions on Systems, Man, and Cybernetics: Systems",Simulation Platform,Transportation and Intelligent Systems,Terminals and Devices,Quantitative Analysis,Multi-Agent Collaboration
114,Smart Farm Security by Combining IoT Sensor Network and Virtualized Mycelium Network,2023,Sensors,Infrastructure,Industrial Systems,Transportation,Quantitative Metrics,Network
115,Spatio-Temporal Multi-Metaverse Dynamic Streaming for Hybrid Quantum-Classical Systems,2024,IEEE Transactions On Networking,Blockchain,Artificial Intelligence,Transportation,Comparative Analysis,Resource Management
116,Swarm Metaverse for Multi-Level Autonomy Using Digital Twins,2023,Sensors,Simulation Platform,Multi-Agent System and Reinforcement Learning,Terminals and Devices,Quantitative Analysis,Blockchain and Security
117,Technology for Synergistic Solutions Co-Creation Based on Multi-Agents’ Diversities Interaction,2023,Information Technology And Implementation,Simulation,Artificial Intelligence,Digital Twin,Quantitative Metrics,Multi-Agent Collaboration
118,The 3rd International Workshop on Deep Learning for the Web of Things,2023,ACM Web Conference,Blockchain,Industrial Systems,Social Interaction,Case Studies,Metaverse
119,The impact of eye gaze on social interactions of females in virtual reality: The mediating role of the uncanniness of avatars and the moderating role of task type,2023,Heliyon,Social,Social Computing,Social Interaction,Quantitative Metrics,Metaverse
120,The Matrix: Quantum AI for Interacting Two Worlds in Prioritized Metaverse Spaces,2024,IEEE Communications Magazine,Simulation Platform,Digital Twin and Metaverse,Terminals and Devices,Quantitative Analysis,Metaverse
121,"The Simulation Methods in Library and Information Science: Method, Application and Future Directions",2022,Knowledge Of Library And Information Science,Simulation,Social Computing,Social Interaction,Theoretical Analysis,Metaverse
122,The Transformation of the New Media Communication Paradigm in the Metaverse Era and Blockchain Based on the Topological Characteristics of Information Communication,2024,International Journal Of Web Services Research,Blockchain,Blockchain,Social Interaction,Case Studies,Network
123,Tiny Multiagent DRL for Twins Migration in UAV Metaverses: A Multileader Multifollower Stackelberg Game Approach,2024,IEEE Internet Of Things Journal,Infrastructure,Artificial Intelligence,Network Infrastructure,Comparative Analysis,Network
124,TMETA: Trust Management for the Cold Start of IoT Services With Digital-Twin-Aided Blockchain,2023,IEEE IOT Journal,Blockchain,Communication Network and IoT,Decision and Management,Quantitative Analysis,Blockchain and Security
125,Toward Human Digital Twins for Cybersecurity Simulations on the Metaverse: Ontological and Network Science Approach,2022,Jmirx Med,Simulation,Artificial Intelligence,Social Interaction,Case Studies,Metaverse
126,Towards defining industry 5.0 vision with intelligent and softwarized wireless network architectures and services: A survey,2024,Journal of Network and Computer Applications,Simulation Platform,AI and Machine Learning,Decision and Management,Case Analysis,Communication and Network
127,Towards Diverse Non-Player Character Behaviour Discovery in Multi-Agent Environments,2024,IEEE Conference on Games (CoG),Simulation Platform,Multi-Agent System and Reinforcement Learning,Virtual and Digital,Quantitative Analysis,Data and Models
128,Towards parallel Metaverse: symbiosis of physical and virtual worlds based on Cybertwin-enabled 6G,2025,Digital Communications And Networks,Infrastructure,Industrial Systems,Transportation,Quantitative Metrics,Network
129,Two-Timescale Synchronization and Migration for Digital Twin Networks: A Multi-Agent Deep Reinforcement Learning Approach,2024,IEEE Transactions on Wireless Communications,Simulation Platform,Digital Twin and Metaverse,Decision and Management,Quantitative Analysis,Communication and Network
130,UAV-Assisted Dynamic Avatar Task Migration for Vehicular Metaverse Services: A Multi-Agent Deep Reinforcement Learning Approach,2024,IEEE Journal Of Automatica Sinica,Infrastructure,Artificial Intelligence,Network Infrastructure,Comparative Analysis,Resource Management
131,Understanding the Interplay of Model Complexity and Fidelity in Multiagent Systems via an Evolutionary Framework,2017,IEEE Transactions On Computational Intelligence And Ai In Games,Simulation,Simulation,Social Interaction,Quantitative Metrics,Resource Management
132,User Recommendation in Social Metaverse with VR,2022,Proceedings of the 31st ACM International Conference on Information and Knowledge Management (CIKM ’22),VR/AR,Digital Twin and Metaverse,Virtual and Digital,Quantitative Analysis,Metaverse
133,Vectorial-Opinion Dynamics With Familiarity Neighborhoods in Virtual Social Groups,2022,IEEE Transactions On Computational Social Systems,Social,Social Computing,Social Interaction,Quantitative Metrics,Network
134,Virtual Cities: From Digital Twins to Autonomous AI Societies,2025,IEEE Access,Simulation,Simulation,Digital Twin,Case Studies,Metaverse
135,VRRC: Empowering Metaverse-Infused Driving Experience for Multiplatoon Vehicles Through IoRT,2024,IEEE Internet Of Things Journal,Simulation,Artificial Intelligence,Network Infrastructure,Quantitative Metrics,Network
136,When Metaverses Meet Vehicle Road Cooperation: Multiagent DRL-Based Stackelberg Game for Vehicular Twins Migration,2024,IEEE Internet Of Things Journal,Infrastructure,Industrial Systems,Transportation,Comparative Analysis,Network
137,Where is the research on connecting game worlds?—A systematic mapping study,2015,Computer Science Review,Metaverse,Digital Twin and Metaverse,Multi-Agent System,Case Analysis,Metaverse
